<?xml version="1.0" encoding="UTF-8"?>

<faces-config version="2.2"
              xmlns="http://xmlns.jcp.org/xml/ns/javaee"
              xmlns:xsi="http://www.w3.org/2001/XMLSchema-instance"
              xsi:schemaLocation="http://xmlns.jcp.org/xml/ns/javaee http://xmlns.jcp.org/xml/ns/javaee/web-facesconfig_2_2.xsd">

    <application>
        <locale-config>
            <default-locale>pt_BR</default-locale>
            <supported-locale>pt_BR</supported-locale>
        </locale-config>
        <message-bundle>br.com.devmedia.java.jsf.bootstrap.cadastro.i18n.Messages</message-bundle>
    </application>

    <factory>
        <exception-handler-factory>
            br.com.devmedia.java.cadastro.exception.CadastroExceptionHandlerFactory
        </exception-handler-factory>
    </factory>
</faces-config>