<?xml version="1.0" encoding="UTF-8"?><retEnviNFe versao="3.10" xmlns="http://www.portalfiscal.inf.br/nfe"><tpAmb>2</tpAmb><verAplic>SVRSnfce201707171030</verAplic><cStat>104</cStat><xMotivo>Lote processado</xMotivo><cUF>32</cUF><dhRecbto>2017-08-15T16:15:24-03:00</dhRecbto><protNFe versao="3.10"><infProt><tpAmb>2</tpAmb><verAplic>SVRSnfce201707171030</verAplic><chNFe>32170802482863000178650010000000331000000332</chNFe><dhRecbto>2017-08-15T16:15:24-03:00</dhRecbto><nProt>332170000026801</nProt><digVal>idYDXdpoJTG81yf/yPquOX0Pi+A=</digVal><cStat>100</cStat><xMotivo>Autorizado o uso da NF-e</xMotivo></infProt></protNFe></retEnviNFe>