<?xml version="1.0" encoding="utf-8"?><soap:Envelope xmlns:soap="http://www.w3.org/2003/05/soap-envelope" xmlns:xsi="http://www.w3.org/2001/XMLSchema-instance" xmlns:xsd="http://www.w3.org/2001/XMLSchema"><soap:Header><nfeCabecMsg xmlns="http://www.portalfiscal.inf.br/nfe/wsdl/NfeAutorizacao"><cUF>32</cUF><versaoDados>3.10</versaoDados></nfeCabecMsg></soap:Header><soap:Body><nfeAutorizacaoLoteResult xmlns="http://www.portalfiscal.inf.br/nfe/wsdl/NfeAutorizacao"><retEnviNFe versao="3.10" xmlns="http://www.portalfiscal.inf.br/nfe"><tpAmb>2</tpAmb><verAplic>SVRSnfce201707171030</verAplic><cStat>104</cStat><xMotivo>Lote processado</xMotivo><cUF>32</cUF><dhRecbto>2017-08-15T15:17:26-03:00</dhRecbto><protNFe versao="3.10"><infProt><tpAmb>2</tpAmb><verAplic>SVRSnfce201707171030</verAplic><chNFe>32170802482863000178650010000000101000000109</chNFe><dhRecbto>2017-08-15T15:17:26-03:00</dhRecbto><digVal>gBd5kTjlwT5I4xywr2psP9ZGc/o=</digVal><cStat>789</cStat><xMotivo>Rejeicao: NFC-e para destinatario contribuinte de ICMS</xMotivo></infProt></protNFe></retEnviNFe></nfeAutorizacaoLoteResult></soap:Body></soap:Envelope>