<?xml version="1.0" encoding="utf-8"?><soap:Envelope xmlns:soap="http://www.w3.org/2003/05/soap-envelope" xmlns:xsi="http://www.w3.org/2001/XMLSchema-instance" xmlns:xsd="http://www.w3.org/2001/XMLSchema"><soap:Header><nfeCabecMsg xmlns="http://www.portalfiscal.inf.br/nfe/wsdl/NfeStatusServico2"><cUF>32</cUF><versaoDados>3.10</versaoDados></nfeCabecMsg></soap:Header><soap:Body><nfeStatusServicoNF2Result xmlns="http://www.portalfiscal.inf.br/nfe/wsdl/NfeStatusServico2"><retConsStatServ versao="3.10" xmlns="http://www.portalfiscal.inf.br/nfe"><tpAmb>2</tpAmb><verAplic>SVRSnfce201707181025</verAplic><cStat>107</cStat><xMotivo>Servico em Operacao</xMotivo><cUF>32</cUF><dhRecbto>2017-07-27T17:27:46-03:00</dhRecbto><tMed>1</tMed></retConsStatServ></nfeStatusServicoNF2Result></soap:Body></soap:Envelope>